{
  "system": "Maks-Mak.wifi.gsu.edu",
  "device": "cpu",
  "model": "resnet18",
  "epochs": 2,
  "metrics": [
    {
      "epoch": 1,
      "train_acc": 0.9301440406000447,
      "train_loss": 81.94166976120323,
      "epoch_time_sec": 1555.0801153182983
    },
    {
      "epoch": 2,
      "train_acc": 0.9816404209269348,
      "train_loss": 23.221647986210883,
      "epoch_time_sec": 1372.448941707611
    }
  ]
}